{
  "browser": "Chrome 143.0.0.0",
  "bundle_sizes": {
    "coi": 17506,
    "react": 145411,
    "vue": 63043,
    "svelte": 28917
  },
  "dom_performance": {
    "coi": {
      "Create 1,000 rows": {
        "mean": 28.119999999925493,
        "median": 28.09999999962747,
        "min": 25.40000000037253,
        "max": 31.5,
        "stddev": 2.2928148637769885
      },
      "Clear rows": {
        "mean": 8.340000000037254,
        "median": 7.699999999254942,
        "min": 7.6000000005587935,
        "max": 10.900000000372529,
        "stddev": 1.4363147288894182
      },
      "Create 1,000 rows (2nd)": {
        "mean": 27.8,
        "median": 28.299999999813735,
        "min": 25.799999999813735,
        "max": 28.5,
        "stddev": 1.1335784049863764
      },
      "Update 1,000 rows": {
        "mean": 13.42000000011176,
        "median": 13.800000000745058,
        "min": 12.200000000186265,
        "max": 14.099999999627471,
        "stddev": 0.8074651694663243
      },
      "Swap rows": {
        "mean": 7.679999999888241,
        "median": 7.5,
        "min": 7.2000000001862645,
        "max": 8.799999999813735,
        "stddev": 0.6457553715620798
      },
      "Clear rows (2nd)": {
        "mean": 7.5199999997392295,
        "median": 7.599999999627471,
        "min": 7.2999999998137355,
        "max": 7.699999999254942,
        "stddev": 0.16431676695115385
      }
    },
    "react": {
      "Create 1,000 rows": {
        "mean": 25.44000000003725,
        "median": 25.700000000186265,
        "min": 22.5,
        "max": 29,
        "stddev": 2.437826901160994
      },
      "Clear rows": {
        "mean": 2.5200000001117586,
        "median": 2,
        "min": 1.5,
        "max": 5.2000000001862645,
        "stddev": 1.5122830423350353
      },
      "Create 1,000 rows (2nd)": {
        "mean": 24.12000000011176,
        "median": 23.90000000037253,
        "min": 22.40000000037253,
        "max": 25.5,
        "stddev": 1.2930583898373464
      },
      "Update 1,000 rows": {
        "mean": 12.259999999776483,
        "median": 12,
        "min": 11.799999999813735,
        "max": 13.599999999627471,
        "stddev": 0.7536577471862339
      },
      "Swap rows": {
        "mean": 26.540000000223518,
        "median": 26.200000000186265,
        "min": 24.799999999813735,
        "max": 28.90000000037253,
        "stddev": 1.4943225891560148
      },
      "Clear rows (2nd)": {
        "mean": 2.7,
        "median": 1.7999999998137355,
        "min": 1.5,
        "max": 5.7999999998137355,
        "stddev": 1.7930421076210052
      }
    },
    "vue": {
      "Create 1,000 rows": {
        "mean": 25.700000000186265,
        "median": 23.100000000558794,
        "min": 22.600000000558794,
        "max": 32,
        "stddev": 4.115823125234108
      },
      "Clear rows": {
        "mean": 1.6999999998137354,
        "median": 1.7000000001862645,
        "min": 0.19999999925494194,
        "max": 3.2999999998137355,
        "stddev": 1.1113055386787305
      },
      "Create 1,000 rows (2nd)": {
        "mean": 22.420000000298025,
        "median": 22.200000000186265,
        "min": 21.40000000037253,
        "max": 23.600000000558794,
        "stddev": 0.9909591316496215
      },
      "Update 1,000 rows": {
        "mean": 14.159999999962746,
        "median": 14,
        "min": 13.099999999627471,
        "max": 15.800000000745058,
        "stddev": 0.9964938538962955
      },
      "Swap rows": {
        "mean": 5.220000000111758,
        "median": 5.300000000745058,
        "min": 3.8999999994412065,
        "max": 7.2000000001862645,
        "stddev": 1.302689525745875
      },
      "Clear rows (2nd)": {
        "mean": 2.4800000000745057,
        "median": 1.7999999998137355,
        "min": 1.3999999994412065,
        "max": 5.6000000005587935,
        "stddev": 1.7541379652285392
      }
    },
    "svelte": {
      "Create 1,000 rows": {
        "mean": 25.679999999888242,
        "median": 24.5,
        "min": 24,
        "max": 30.299999999813735,
        "stddev": 2.618587405431152
      },
      "Clear rows": {
        "mean": 2.2,
        "median": 1.8999999994412065,
        "min": 1.2000000001862645,
        "max": 3.900000000372529,
        "stddev": 1.0099504940160264
      },
      "Create 1,000 rows (2nd)": {
        "mean": 23.8,
        "median": 23.600000000558794,
        "min": 22.90000000037253,
        "max": 25.199999999254942,
        "stddev": 0.8514693178588069
      },
      "Update 1,000 rows": {
        "mean": 11.07999999988824,
        "median": 10.900000000372529,
        "min": 10.5,
        "max": 11.900000000372529,
        "stddev": 0.5674504385154384
      },
      "Swap rows": {
        "mean": 3.720000000111759,
        "median": 3.2999999998137355,
        "min": 2.800000000745058,
        "max": 6.1000000005587935,
        "stddev": 1.3608820671132595
      },
      "Clear rows (2nd)": {
        "mean": 2.6599999999627473,
        "median": 2,
        "min": 1.7999999998137355,
        "max": 5.599999999627471,
        "stddev": 1.6456001942728722
      }
    }
  }
}