{
  "browser": "Chrome 143.0.0.0",
  "bundle_sizes": {
    "coi": 21523,
    "react": 145411,
    "vue": 63043
  },
  "dom_performance": {
    "coi": {
      "Create 1,000 rows": {
        "mean": 36.52,
        "median": 33.5,
        "min": 31.4,
        "max": 44.7,
        "stddev": 6.050371889396554
      },
      "Clear rows": {
        "mean": 4.3,
        "median": 4.3,
        "min": 4.3,
        "max": 4.3,
        "stddev": 0
      },
      "Create 1,000 rows (2nd)": {
        "mean": 45.74,
        "median": 48.2,
        "min": 32.2,
        "max": 52.3,
        "stddev": 7.8602162820115815
      },
      "Update 1,000 rows": {
        "mean": 10.64,
        "median": 10.2,
        "min": 7.3,
        "max": 17.8,
        "stddev": 4.294531406335271
      },
      "Swap rows": {
        "mean": 0.175,
        "median": 0.15000000000000002,
        "min": 0.1,
        "max": 0.3,
        "stddev": 0.0957427107756338
      },
      "Clear rows (2nd)": {
        "mean": 14.2,
        "median": 14.2,
        "min": 14.2,
        "max": 14.2,
        "stddev": 0
      }
    },
    "react": {
      "Create 1,000 rows": {
        "mean": 76.46000000000001,
        "median": 73,
        "min": 71.4,
        "max": 84.9,
        "stddev": 6.184496745896146
      },
      "Clear rows": {
        "mean": 9.0,
        "median": 6.5,
        "min": 5,
        "max": 20.5,
        "stddev": 6.46297145282261
      },
      "Create 1,000 rows (2nd)": {
        "mean": 73.78,
        "median": 73.5,
        "min": 71.3,
        "max": 77.2,
        "stddev": 2.2129166274399066
      },
      "Update 1,000 rows": {
        "mean": 45.46,
        "median": 48.7,
        "min": 27.4,
        "max": 53.5,
        "stddev": 10.309364674896315
      },
      "Swap rows": {
        "mean": 79.28,
        "median": 79.7,
        "min": 70,
        "max": 87,
        "stddev": 6.177944642031037
      },
      "Clear rows (2nd)": {
        "mean": 4.68,
        "median": 1.4,
        "min": 1.2,
        "max": 18.2,
        "stddev": 7.558571293571292
      }
    },
    "vue": {
      "Create 1,000 rows": {
        "mean": 74.53999999999999,
        "median": 72.3,
        "min": 71.6,
        "max": 84,
        "stddev": 5.315825429789809
      },
      "Clear rows": {
        "mean": 3.18,
        "median": 2.1,
        "min": 1.2,
        "max": 9,
        "stddev": 3.288920795641026
      },
      "Create 1,000 rows (2nd)": {
        "mean": 86.42,
        "median": 76.1,
        "min": 70.8,
        "max": 134.5,
        "stddev": 27.015125393009008
      },
      "Update 1,000 rows": {
        "mean": 40.42,
        "median": 32.2,
        "min": 29.8,
        "max": 55.5,
        "stddev": 12.561329547464313
      },
      "Swap rows": {
        "mean": 17.04,
        "median": 17.4,
        "min": 14.1,
        "max": 20.8,
        "stddev": 2.5851498989420327
      },
      "Clear rows (2nd)": {
        "mean": 3.7600000000000002,
        "median": 2.4,
        "min": 1.3,
        "max": 10.3,
        "stddev": 3.6929662874172036
      }
    }
  }
}