{
  "browser": "Chrome 143.0.0.0",
  "bundle_sizes": {
    "coi": 24076,
    "react": 145411,
    "vue": 63043,
    "svelte": 28917
  },
  "dom_performance": {
    "coi": {
      "Create 1,000 rows": {
        "mean": 80.4,
        "median": 82.80000001192093,
        "min": 59.29999999701977,
        "max": 89.59999999403954,
        "stddev": 12.19405592931661
      },
      "Clear rows": {
        "mean": 10.6,
        "median": 10.299999997019768,
        "min": 7,
        "max": 14.799999997019768,
        "stddev": 2.7775888813396254
      },
      "Create 1,000 rows (2nd)": {
        "mean": 85.6800000011921,
        "median": 84,
        "min": 80.09999999403954,
        "max": 92.29999999701977,
        "stddev": 5.61266425165872
      },
      "Update 1,000 rows": {
        "mean": 10.5,
        "median": 10.5,
        "min": 9.700000002980232,
        "max": 11.099999994039536,
        "stddev": 0.5787918421788034
      },
      "Swap rows": {
        "mean": 10.32000000178814,
        "median": 10.400000005960464,
        "min": 10.099999994039536,
        "max": 10.5,
        "stddev": 0.16431677015348842
      },
      "Clear rows (2nd)": {
        "mean": 10.380000001192093,
        "median": 10.700000002980232,
        "min": 8.200000002980232,
        "max": 12,
        "stddev": 1.4149204914864948
      }
    },
    "react": {
      "Create 1,000 rows": {
        "mean": 76.99999999701977,
        "median": 74.5,
        "min": 71.8999999910593,
        "max": 86.8999999910593,
        "stddev": 5.9615434221034524
      },
      "Clear rows": {
        "mean": 6.919999998807907,
        "median": 5.0999999940395355,
        "min": 2.3999999910593033,
        "max": 16.5,
        "stddev": 5.498818056612634
      },
      "Create 1,000 rows (2nd)": {
        "mean": 78.00000000596046,
        "median": 76.1000000089407,
        "min": 75.20000000298023,
        "max": 82.1000000089407,
        "stddev": 3.4518111205022364
      },
      "Update 1,000 rows": {
        "mean": 37.540000000596045,
        "median": 43.20000000298023,
        "min": 20.599999994039536,
        "max": 47.20000000298023,
        "stddev": 11.485120813830033
      },
      "Swap rows": {
        "mean": 65.49999999701977,
        "median": 67.59999999403954,
        "min": 57.79999999701977,
        "max": 74.5,
        "stddev": 7.151223673314869
      },
      "Clear rows (2nd)": {
        "mean": 5.400000002980232,
        "median": 4.800000011920929,
        "min": 3.2000000029802322,
        "max": 9.5,
        "stddev": 2.3968729614114856
      }
    },
    "vue": {
      "Create 1,000 rows": {
        "mean": 76.6800000011921,
        "median": 73.5,
        "min": 70.79999999701977,
        "max": 86.80000001192093,
        "stddev": 6.471244089445064
      },
      "Clear rows": {
        "mean": 5.8799999982118605,
        "median": 5.5,
        "min": 5,
        "max": 7.200000002980232,
        "stddev": 0.875785363823164
      },
      "Create 1,000 rows (2nd)": {
        "mean": 67.16000000536442,
        "median": 65.80000001192093,
        "min": 62.29999999701977,
        "max": 73,
        "stddev": 4.124681805269952
      },
      "Update 1,000 rows": {
        "mean": 40.64000000059605,
        "median": 33.79999999701977,
        "min": 31.100000008940697,
        "max": 54.900000005960464,
        "stddev": 11.829116619165085
      },
      "Swap rows": {
        "mean": 16.559999999403953,
        "median": 15.200000002980232,
        "min": 13.5,
        "max": 19.69999998807907,
        "stddev": 2.8094483422411316
      },
      "Clear rows (2nd)": {
        "mean": 5.540000000596047,
        "median": 4.5,
        "min": 0.9000000059604645,
        "max": 13.200000002980232,
        "stddev": 4.562126697099439
      }
    },
    "svelte": {
      "Create 1,000 rows": {
        "mean": 78.04000000059605,
        "median": 76.29999999701977,
        "min": 70.90000000596046,
        "max": 93.5,
        "stddev": 8.93688983800822
      },
      "Clear rows": {
        "mean": 6.279999995231629,
        "median": 5.899999991059303,
        "min": 4.700000002980232,
        "max": 9.399999991059303,
        "stddev": 1.914941248876466
      },
      "Create 1,000 rows (2nd)": {
        "mean": 71.65999999642372,
        "median": 74.09999999403954,
        "min": 61.29999999701977,
        "max": 79.09999999403954,
        "stddev": 6.750407394336254
      },
      "Update 1,000 rows": {
        "mean": 35.77999999821186,
        "median": 38.5,
        "min": 24.700000002980232,
        "max": 39.099999994039536,
        "stddev": 6.21264838584037
      },
      "Swap rows": {
        "mean": 9.700000002980232,
        "median": 9.700000002980232,
        "min": 9.200000002980232,
        "max": 10.100000008940697,
        "stddev": 0.3240370362999725
      },
      "Clear rows (2nd)": {
        "mean": 5.7,
        "median": 5,
        "min": 0.7000000029802322,
        "max": 12.899999991059303,
        "stddev": 4.4322680377124914
      }
    }
  }
}