{
  "browser": "Chrome 143.0.0.0",
  "bundle_sizes": {
    "coi": 21978,
    "react": 145411,
    "vue": 63043,
    "svelte": 28917
  },
  "dom_performance": {
    "coi": {
      "Create 1,000 rows": {
        "mean": 32.479999999701974,
        "median": 32.29999999888241,
        "min": 29.699999999254942,
        "max": 35.30000000074506,
        "stddev": 2.0351904092272277
      },
      "Clear rows": {
        "mean": 7.659999999776483,
        "median": 7.700000001117587,
        "min": 6.899999998509884,
        "max": 8.099999999627471,
        "stddev": 0.45607017062776845
      },
      "Create 1,000 rows (2nd)": {
        "mean": 32.540000000596045,
        "median": 32.70000000111759,
        "min": 30.5,
        "max": 33.90000000037253,
        "stddev": 1.2441864814002719
      },
      "Update 1,000 rows": {
        "mean": 15.479999999701977,
        "median": 15.599999999627471,
        "min": 12.699999999254942,
        "max": 18.09999999962747,
        "stddev": 2.037645700440895
      },
      "Swap rows": {
        "mean": 7.619999999925494,
        "median": 7.699999999254942,
        "min": 7.200000001117587,
        "max": 7.800000000745058,
        "stddev": 0.24899799136881018
      },
      "Clear rows (2nd)": {
        "mean": 7.940000000223518,
        "median": 8,
        "min": 7.700000001117587,
        "max": 8.099999999627471,
        "stddev": 0.15165750831606276
      }
    },
    "react": {
      "Create 1,000 rows": {
        "mean": 25.760000000149013,
        "median": 25.300000000745058,
        "min": 23.5,
        "max": 30.199999999254942,
        "stddev": 2.7582603209950602
      },
      "Clear rows": {
        "mean": 2.599999999627471,
        "median": 1.699999999254942,
        "min": 1.5,
        "max": 4.399999998509884,
        "stddev": 1.3874436916785349
      },
      "Create 1,000 rows (2nd)": {
        "mean": 25.480000000074504,
        "median": 26,
        "min": 23.700000001117587,
        "max": 27.09999999962747,
        "stddev": 1.5417522493886566
      },
      "Update 1,000 rows": {
        "mean": 11.619999999552965,
        "median": 12,
        "min": 10.799999998882413,
        "max": 12,
        "stddev": 0.549545267140956
      },
      "Swap rows": {
        "mean": 25.720000000298022,
        "median": 25.90000000037253,
        "min": 25.200000001117587,
        "max": 26.199999999254942,
        "stddev": 0.4868264569667387
      },
      "Clear rows (2nd)": {
        "mean": 3.0599999997764824,
        "median": 2.099999999627471,
        "min": 1.5,
        "max": 6.199999999254942,
        "stddev": 1.9060430212901998
      }
    },
    "vue": {
      "Create 1,000 rows": {
        "mean": 23.66000000014901,
        "median": 21.90000000037253,
        "min": 21,
        "max": 28.5,
        "stddev": 3.1548375549310372
      },
      "Clear rows": {
        "mean": 2.8,
        "median": 1.599999999627471,
        "min": 1.400000000372529,
        "max": 5.900000000372529,
        "stddev": 1.9583156028564843
      },
      "Create 1,000 rows (2nd)": {
        "mean": 22.9,
        "median": 22.90000000037253,
        "min": 22.199999999254942,
        "max": 23.800000000745058,
        "stddev": 0.5916079788609395
      },
      "Update 1,000 rows": {
        "mean": 14.139999999850989,
        "median": 13.900000000372529,
        "min": 13.100000001490116,
        "max": 15.299999998882413,
        "stddev": 0.8384509518371028
      },
      "Swap rows": {
        "mean": 4.780000000447035,
        "median": 4.800000000745058,
        "min": 3.900000000372529,
        "max": 5.800000000745058,
        "stddev": 0.8814760348753701
      },
      "Clear rows (2nd)": {
        "mean": 2.219999999925494,
        "median": 1.599999999627471,
        "min": 1.400000000372529,
        "max": 4.699999999254942,
        "stddev": 1.3989281607642583
      }
    },
    "svelte": {
      "Create 1,000 rows": {
        "mean": 25.160000000521542,
        "median": 24.800000000745058,
        "min": 23.800000000745058,
        "max": 28,
        "stddev": 1.687601848595101
      },
      "Clear rows": {
        "mean": 3.219999999925494,
        "median": 2,
        "min": 1.799999998882413,
        "max": 6.300000000745058,
        "stddev": 1.9690099038682092
      },
      "Create 1,000 rows (2nd)": {
        "mean": 24.480000000074504,
        "median": 24.399999998509884,
        "min": 23.800000000745058,
        "max": 25.40000000037253,
        "stddev": 0.7155417526073014
      },
      "Update 1,000 rows": {
        "mean": 11.099999999627471,
        "median": 11,
        "min": 10.299999998882413,
        "max": 12.099999999627471,
        "stddev": 0.6442049365386533
      },
      "Swap rows": {
        "mean": 4.3600000005215405,
        "median": 3.800000000745058,
        "min": 3.400000000372529,
        "max": 5.5,
        "stddev": 1.050238067795262
      },
      "Clear rows (2nd)": {
        "mean": 2.2400000009685757,
        "median": 1.6000000014901161,
        "min": 1.300000000745058,
        "max": 5.200000001117587,
        "stddev": 1.6622274213743449
      }
    }
  }
}