{
  "browser": "Chrome 143.0.0.0",
  "bundle_sizes": {
    "coi": 28073,
    "react": 145411,
    "vue": 63043,
    "svelte": 28917
  },
  "dom_performance": {
    "coi": {
      "Create 1,000 rows": {
        "mean": 34.38,
        "median": 29.8,
        "min": 23.1,
        "max": 47.3,
        "stddev": 11.46198063163605
      },
      "Clear rows": {
        "mean": 2.4,
        "median": 2.4,
        "min": 0.1,
        "max": 4.7,
        "stddev": 3.252691193458119
      },
      "Create 1,000 rows (2nd)": {
        "mean": 41.160000000000004,
        "median": 44.7,
        "min": 27.6,
        "max": 51.4,
        "stddev": 10.152487379947832
      },
      "Update 1,000 rows": {
        "mean": 9.86,
        "median": 10.1,
        "min": 7.6,
        "max": 13.2,
        "stddev": 2.240089283934906
      },
      "Swap rows": {
        "mean": 0.2,
        "median": 0.1,
        "min": 0.1,
        "max": 0.4,
        "stddev": 0.17320508075688773
      },
      "Clear rows (2nd)": {
        "mean": 4.35,
        "median": 4.35,
        "min": 0.1,
        "max": 8.6,
        "stddev": 6.010407640085654
      }
    },
    "react": {
      "Create 1,000 rows": {
        "mean": 74.76,
        "median": 74,
        "min": 71.9,
        "max": 80,
        "stddev": 3.3306155587218407
      },
      "Clear rows": {
        "mean": 4.62,
        "median": 1.6,
        "min": 0.8,
        "max": 18.3,
        "stddev": 7.657806474441621
      },
      "Create 1,000 rows (2nd)": {
        "mean": 72.8,
        "median": 72.8,
        "min": 71,
        "max": 75.4,
        "stddev": 1.7549928774784258
      },
      "Update 1,000 rows": {
        "mean": 47.12,
        "median": 47.2,
        "min": 45.9,
        "max": 48.4,
        "stddev": 1.1122050170719422
      },
      "Swap rows": {
        "mean": 74.32,
        "median": 74,
        "min": 73.6,
        "max": 76.1,
        "stddev": 1.0084641788382946
      },
      "Clear rows (2nd)": {
        "mean": 5.18,
        "median": 1.4,
        "min": 1,
        "max": 20.7,
        "stddev": 8.67882480523717
      }
    },
    "vue": {
      "Create 1,000 rows": {
        "mean": 67.42,
        "median": 70.2,
        "min": 54.4,
        "max": 72.7,
        "stddev": 7.565513862256814
      },
      "Clear rows": {
        "mean": 5.875,
        "median": 4.0,
        "min": 1.2,
        "max": 14.3,
        "stddev": 6.120117101276195
      },
      "Create 1,000 rows (2nd)": {
        "mean": 64.52,
        "median": 64,
        "min": 59.2,
        "max": 71.2,
        "stddev": 4.385430423573039
      },
      "Update 1,000 rows": {
        "mean": 43.85,
        "median": 47.099999999999994,
        "min": 29.1,
        "max": 52.1,
        "stddev": 10.81557518889618
      },
      "Swap rows": {
        "mean": 13.459999999999999,
        "median": 13.1,
        "min": 11.2,
        "max": 17.9,
        "stddev": 2.665145399410696
      },
      "Clear rows (2nd)": {
        "mean": 3.6999999999999997,
        "median": 1.8,
        "min": 1.4,
        "max": 11.7,
        "stddev": 4.476047363467013
      }
    },
    "svelte": {
      "Create 1,000 rows": {
        "mean": 77.4,
        "median": 76.4,
        "min": 75.2,
        "max": 82.5,
        "stddev": 2.936835031117682
      },
      "Clear rows": {
        "mean": 4.2,
        "median": 2.3,
        "min": 1.6,
        "max": 11.7,
        "stddev": 4.254409477236529
      },
      "Create 1,000 rows (2nd)": {
        "mean": 76.39999999999999,
        "median": 75.8,
        "min": 74.7,
        "max": 78.8,
        "stddev": 1.5921683328090643
      },
      "Update 1,000 rows": {
        "mean": 42.28,
        "median": 41,
        "min": 38.4,
        "max": 50.1,
        "stddev": 4.583339393935388
      },
      "Swap rows": {
        "mean": 9.719999999999999,
        "median": 9.7,
        "min": 9.1,
        "max": 10.1,
        "stddev": 0.38987177379235866
      },
      "Clear rows (2nd)": {
        "mean": 4.02,
        "median": 1.7,
        "min": 1.5,
        "max": 12.6,
        "stddev": 4.820477154805321
      }
    }
  }
}