{
  "browser": "Chrome 143.0.0.0",
  "bundle_sizes": {
    "coi": 17506,
    "react": 145411,
    "vue": 63043,
    "svelte": 28917
  },
  "dom_performance": {
    "coi": {
      "Create 1,000 rows": {
        "mean": 29.56000000014901,
        "median": 28.59999999962747,
        "min": 27,
        "max": 32.90000000037253,
        "stddev": 2.3071627600286186
      },
      "Clear rows": {
        "mean": 8.320000000111758,
        "median": 7.7000000001862645,
        "min": 7.400000000372529,
        "max": 11.299999999813735,
        "stddev": 1.6709278857675511
      },
      "Create 1,000 rows (2nd)": {
        "mean": 29.600000000186263,
        "median": 27.600000000558794,
        "min": 27.299999999813735,
        "max": 36.80000000074506,
        "stddev": 4.076150144698231
      },
      "Update 1,000 rows": {
        "mean": 13.180000000074505,
        "median": 12.800000000745058,
        "min": 12.700000000186265,
        "max": 13.899999999441206,
        "stddev": 0.6140032569214307
      },
      "Swap rows": {
        "mean": 7.959999999962747,
        "median": 7.400000000372529,
        "min": 7.300000000745058,
        "max": 10.099999999627471,
        "stddev": 1.201249349416987
      },
      "Clear rows (2nd)": {
        "mean": 7.539999999850989,
        "median": 7.5,
        "min": 7.3999999994412065,
        "max": 7.7000000001862645,
        "stddev": 0.1140175426977833
      }
    },
    "react": {
      "Create 1,000 rows": {
        "mean": 23.320000000111758,
        "median": 22.700000000186265,
        "min": 20.399999999441206,
        "max": 29.600000000558794,
        "stddev": 3.647876094696409
      },
      "Clear rows": {
        "mean": 2.6200000001117587,
        "median": 1.5,
        "min": 1.099999999627471,
        "max": 5.2000000001862645,
        "stddev": 1.8992103624413654
      },
      "Create 1,000 rows (2nd)": {
        "mean": 23.84000000022352,
        "median": 23.40000000037253,
        "min": 22.5,
        "max": 26.600000000558794,
        "stddev": 1.619567843752714
      },
      "Update 1,000 rows": {
        "mean": 12.440000000037253,
        "median": 13.099999999627471,
        "min": 11.399999999441206,
        "max": 13.200000000186265,
        "stddev": 0.9502631215769164
      },
      "Swap rows": {
        "mean": 26.78000000026077,
        "median": 27,
        "min": 25.90000000037253,
        "max": 27.800000000745058,
        "stddev": 0.8136338244291361
      },
      "Clear rows (2nd)": {
        "mean": 2.4000000001862647,
        "median": 1.7000000001862645,
        "min": 1.400000000372529,
        "max": 5.7000000001862645,
        "stddev": 1.849324200888175
      }
    },
    "vue": {
      "Create 1,000 rows": {
        "mean": 24.56000000014901,
        "median": 22.700000000186265,
        "min": 22.09999999962747,
        "max": 27.799999999813735,
        "stddev": 2.876282322771008
      },
      "Clear rows": {
        "mean": 1.959999999962747,
        "median": 1.2999999998137355,
        "min": 1.099999999627471,
        "max": 4.5,
        "stddev": 1.431083505663642
      },
      "Create 1,000 rows (2nd)": {
        "mean": 22.2,
        "median": 21.799999999813735,
        "min": 21,
        "max": 24,
        "stddev": 1.1379806676700122
      },
      "Update 1,000 rows": {
        "mean": 14.4,
        "median": 14.700000000186265,
        "min": 12.099999999627471,
        "max": 16.299999999813735,
        "stddev": 1.5684387143050422
      },
      "Swap rows": {
        "mean": 4.980000000074506,
        "median": 4.7000000001862645,
        "min": 4.599999999627471,
        "max": 5.7000000001862645,
        "stddev": 0.4969909455672061
      },
      "Clear rows (2nd)": {
        "mean": 2.559999999962747,
        "median": 1.900000000372529,
        "min": 1.8999999994412065,
        "max": 5.099999999627471,
        "stddev": 1.4205632683782237
      }
    },
    "svelte": {
      "Create 1,000 rows": {
        "mean": 25.519999999925496,
        "median": 24.700000000186265,
        "min": 23.5,
        "max": 29.799999999813735,
        "stddev": 2.5043961347577426
      },
      "Clear rows": {
        "mean": 2.1199999999254944,
        "median": 1.8999999994412065,
        "min": 1,
        "max": 4.1000000005587935,
        "stddev": 1.1670475571445342
      },
      "Create 1,000 rows (2nd)": {
        "mean": 24.679999999888242,
        "median": 25.09999999962747,
        "min": 23.59999999962747,
        "max": 25.59999999962747,
        "stddev": 0.9576011695870114
      },
      "Update 1,000 rows": {
        "mean": 10.820000000111758,
        "median": 10.600000000558794,
        "min": 10,
        "max": 11.700000000186265,
        "stddev": 0.6496152708310186
      },
      "Swap rows": {
        "mean": 4.520000000111759,
        "median": 4.3999999994412065,
        "min": 3.2000000001862645,
        "max": 6.1000000005587935,
        "stddev": 1.2316655392256262
      },
      "Clear rows (2nd)": {
        "mean": 2.8,
        "median": 1.800000000745058,
        "min": 1.7999999998137355,
        "max": 4.8999999994412065,
        "stddev": 1.4335271184427665
      }
    }
  }
}